001_Donor-54_TP00_CD3pos_A1	SRR7692688
006_Donor-54_TP00_CD3pos_F1	SRR7692689
007_Donor-54_TP00_CD3pos_G1	SRR7692690
008_Donor-54_TP00_CD3pos_H1	SRR7692691
009_Donor-54_TP00_CD3pos_A2	SRR7692692
010_Donor-54_TP00_CD3pos_B2	SRR7692693
011_Donor-54_TP00_CD3pos_C2	SRR7692694
012_Donor-54_TP00_CD3pos_D2	SRR7692695
013_Donor-54_TP00_CD3pos_E2	SRR7692696
014_Donor-54_TP00_CD3pos_F2	SRR7692697
015_Donor-54_TP00_CD3pos_G2	SRR7692698
016_Donor-54_TP00_CD3pos_H2	SRR7692699
017_Donor-54_TP00_CD3pos_A3	SRR7692700
018_Donor-54_TP00_CD3pos_B3	SRR7692701
019_Donor-54_TP00_CD3pos_C3	SRR7692702
020_Donor-54_TP00_CD3pos_D3	SRR7692703
021_Donor-54_TP00_CD3pos_E3	SRR7692704
022_Donor-54_TP00_CD3pos_F3	SRR7692705
023_Donor-54_TP00_CD3pos_G3	SRR7692706
024_Donor-54_TP00_CD3pos_H3	SRR7692707
025_Donor-54_TP00_CD3pos_A4	SRR7692708
026_Donor-54_TP00_CD3pos_B4	SRR7692709
027_Donor-54_TP00_CD3pos_C4	SRR7692710
028_Donor-54_TP00_CD3pos_D4	SRR7692711
029_Donor-54_TP00_CD3pos_E4	SRR7692712
030_Donor-54_TP00_CD3pos_F4	SRR7692713
031_Donor-54_TP00_CD3pos_G4	SRR7692714
032_Donor-54_TP00_CD3pos_H4	SRR7692715
033_Donor-54_TP00_CD3pos_A5	SRR7692716
034_Donor-54_TP00_CD3pos_B5	SRR7692717
035_Donor-54_TP00_CD3pos_C5	SRR7692718
036_Donor-54_TP00_CD3pos_D5	SRR7692719
037_Donor-54_TP00_CD3pos_E5	SRR7692720
038_Donor-54_TP00_CD3pos_F5	SRR7692721
039_Donor-54_TP00_CD3pos_G5	SRR7692722
040_Donor-54_TP00_CD3pos_H5	SRR7692723
041_Donor-54_TP00_CD3pos_A6	SRR7692724
042_Donor-54_TP00_CD3pos_B6	SRR7692725
043_Donor-54_TP00_CD3pos_C6	SRR7692726
044_Donor-54_TP00_CD3pos_D6	SRR7692727
045_Donor-54_TP00_CD3pos_E6	SRR7692728
046_Donor-54_TP00_CD3pos_F6	SRR7692729
047_Donor-54_TP00_CD3pos_G6	SRR7692730
048_Donor-54_TP00_CD3pos_H6	SRR7692731
049_Donor-54_TP00_CD3pos_A7	SRR7692732
050_Donor-54_TP00_CD3pos_B7	SRR7692733
051_Donor-54_TP00_CD3pos_C7	SRR7692734
052_Donor-54_TP00_CD3pos_D7	SRR7692735
053_Donor-54_TP00_CD3pos_E7	SRR7692736
054_Donor-54_TP00_CD3pos_F7	SRR7692737
055_Donor-54_TP00_CD3pos_G7	SRR7692738
056_Donor-54_TP00_CD3pos_H7	SRR7692739
057_Donor-54_TP00_CD3pos_A8	SRR7692740
058_Donor-54_TP00_CD3pos_B8	SRR7692741
060_Donor-54_TP00_CD3pos_D8	SRR7692743
061_Donor-54_TP00_CD3pos_E8	SRR7692744
062_Donor-54_TP00_CD3pos_F8	SRR7692745
063_Donor-54_TP00_CD3pos_G8	SRR7692746
064_Donor-54_TP00_CD3pos_H8	SRR7692747
065_Donor-54_TP00_CD3pos_A9	SRR7692748
066_Donor-54_TP00_CD3pos_B9	SRR7692749
067_Donor-54_TP00_CD3pos_C9	SRR7692750
068_Donor-54_TP00_CD3pos_D9	SRR7692751
069_Donor-54_TP00_CD3pos_E9	SRR7692752
070_Donor-54_TP00_CD3pos_F9	SRR7692753
071_Donor-54_TP00_CD3pos_G9	SRR7692754
072_Donor-54_TP00_CD3pos_H9	SRR7692755
073_Donor-54_TP00_CD3pos_A10	SRR7692756
077_Donor-54_TP00_CD3pos_E10	SRR7692757
078_Donor-54_TP00_CD3pos_F10	SRR7692758
079_Donor-54_TP00_CD3pos_G10	SRR7692759
080_Donor-54_TP00_CD3pos_H10	SRR7692760
081_Donor-54_TP00_CD3pos_A11	SRR7692761
082_Donor-54_TP00_CD3pos_B11	SRR7692762
083_Donor-54_TP00_CD3pos_C11	SRR7692763
084_Donor-54_TP00_CD3pos_D11	SRR7692764
085_Donor-54_TP00_CD3pos_E11	SRR7692765
086_Donor-54_TP00_CD3pos_F11	SRR7692766
087_Donor-54_TP00_CD3pos_G11	SRR7692767
088_Donor-54_TP00_CD3pos_H11	SRR7692768
089_Donor-54_TP00_CD3pos_A12	SRR7692769
090_Donor-54_TP00_CD3pos_B12	SRR7692770
091_Donor-54_TP00_CD3pos_C12	SRR7692771
092_Donor-54_TP00_CD3pos_D12	SRR7692772
093_Donor-54_TP00_CD3pos_E12	SRR7692773
094_Donor-54_TP00_CD3pos_F12	SRR7692774
095_Donor-54_TP00_CD3pos_G12	SRR7692775
098_Donor-54_TP01_CD8pos_B1	SRR7692776
099_Donor-54_TP01_CD8pos_C1	SRR7692777
100_Donor-54_TP01_CD8pos_D1	SRR7692778
101_Donor-54_TP01_CD8pos_E1	SRR7692779
102_Donor-54_TP01_CD8pos_F1	SRR7692780
103_Donor-54_TP01_CD8pos_G1	SRR7692781
104_Donor-54_TP01_CD8pos_H1	SRR7692782
105_Donor-54_TP01_CD8pos_A2	SRR7692783
106_Donor-54_TP01_CD8pos_B2	SRR7692784
107_Donor-54_TP01_CD8pos_C2	SRR7692785
108_Donor-54_TP01_CD8pos_D2	SRR7692786
109_Donor-54_TP01_CD8pos_E2	SRR7692787
110_Donor-54_TP01_CD8pos_F2	SRR7692788
111_Donor-54_TP01_CD8pos_G2	SRR7692789
112_Donor-54_TP01_CD8pos_H2	SRR7692790
114_Donor-54_TP01_CD8pos_B3	SRR7692791
115_Donor-54_TP01_CD8pos_C3	SRR7692792
116_Donor-54_TP01_CD8pos_D3	SRR7692793
117_Donor-54_TP01_CD8pos_E3	SRR7692794
118_Donor-54_TP01_CD8pos_F3	SRR7692795
119_Donor-54_TP01_CD8pos_G3	SRR7692796
120_Donor-54_TP01_CD8pos_H3	SRR7692797
121_Donor-54_TP01_CD8pos_A4	SRR7692798
122_Donor-54_TP01_CD8pos_B4	SRR7692799
123_Donor-54_TP01_CD8pos_C4	SRR7692800
124_Donor-54_TP01_CD8pos_D4	SRR7692801
125_Donor-54_TP01_CD8pos_E4	SRR7692802
126_Donor-54_TP01_CD8pos_F4	SRR7692803
127_Donor-54_TP01_CD8pos_G4	SRR7692804
128_Donor-54_TP01_CD8pos_H4	SRR7692805
129_Donor-54_TP01_CD8pos_A5	SRR7692806
130_Donor-54_TP01_CD8pos_B5	SRR7692807
131_Donor-54_TP01_CD8pos_C5	SRR7692808
132_Donor-54_TP01_CD8pos_D5	SRR7692809
133_Donor-54_TP01_CD8pos_E5	SRR7692810
134_Donor-54_TP01_CD8pos_F5	SRR7692811
135_Donor-54_TP01_CD8pos_G5	SRR7692812
136_Donor-54_TP01_CD8pos_H5	SRR7692813
137_Donor-54_TP01_CD8pos_A6	SRR7692814
138_Donor-54_TP01_CD8pos_B6	SRR7692815
139_Donor-54_TP01_CD8pos_C6	SRR7692816
140_Donor-54_TP01_CD8pos_D6	SRR7692817
141_Donor-54_TP01_CD8pos_E6	SRR7692818
142_Donor-54_TP01_CD8pos_F6	SRR7692819
143_Donor-54_TP01_CD8pos_G6	SRR7692820
144_Donor-54_TP01_CD8pos_H6	SRR7692821
145_Donor-54_TP01_CD8pos_A7	SRR7692822
146_Donor-54_TP01_CD8pos_B7	SRR7692823
147_Donor-54_TP01_CD8pos_C7	SRR7692824
148_Donor-54_TP01_CD8pos_D7	SRR7692825
149_Donor-54_TP01_CD8pos_E7	SRR7692826
150_Donor-54_TP01_CD8pos_F7	SRR7692827
151_Donor-54_TP01_CD8pos_G7	SRR7692828
152_Donor-54_TP01_CD8pos_H7	SRR7692829
153_Donor-54_TP01_CD8pos_A8	SRR7692830
154_Donor-54_TP01_CD8pos_B8	SRR7692831
155_Donor-54_TP01_CD8pos_C8	SRR7692832
156_Donor-54_TP01_CD8pos_D8	SRR7692833
157_Donor-54_TP01_CD8pos_E8	SRR7692834
158_Donor-54_TP01_CD8pos_F8	SRR7692835
159_Donor-54_TP01_CD8pos_G8	SRR7692836
160_Donor-54_TP01_CD8pos_H8	SRR7692837
161_Donor-54_TP01_CD8pos_A9	SRR7692838
162_Donor-54_TP01_CD8pos_B9	SRR7692839
163_Donor-54_TP01_CD8pos_C9	SRR7692840
164_Donor-54_TP01_CD8pos_D9	SRR7692841
165_Donor-54_TP01_CD8pos_E9	SRR7692842
166_Donor-54_TP01_CD8pos_F9	SRR7692843
167_Donor-54_TP01_CD8pos_G9	SRR7692844
168_Donor-54_TP01_CD8pos_H9	SRR7692845
169_Donor-54_TP01_CD8pos_A10	SRR7692846
170_Donor-54_TP01_CD8pos_B10	SRR7692847
171_Donor-54_TP01_CD8pos_C10	SRR7692848
172_Donor-54_TP01_CD8pos_D10	SRR7692849
173_Donor-54_TP01_CD8pos_E10	SRR7692850
174_Donor-54_TP01_CD8pos_F10	SRR7692851
175_Donor-54_TP01_CD8pos_G10	SRR7692852
176_Donor-54_TP01_CD8pos_H10	SRR7692853
177_Donor-54_TP01_CD8pos_A11	SRR7692854
178_Donor-54_TP01_CD8pos_B11	SRR7692855
179_Donor-54_TP01_CD8pos_C11	SRR7692856
180_Donor-54_TP01_CD8pos_D11	SRR7692857
181_Donor-54_TP01_CD8pos_E11	SRR7692858
182_Donor-54_TP01_CD8pos_F11	SRR7692859
183_Donor-54_TP01_CD8pos_G11	SRR7692860
184_Donor-54_TP01_CD8pos_H11	SRR7692861
185_Donor-54_TP01_CD8pos_A12	SRR7692862
186_Donor-54_TP01_CD8pos_B12	SRR7692863
187_Donor-54_TP01_CD8pos_C12	SRR7692864
188_Donor-54_TP01_CD8pos_D12	SRR7692865
189_Donor-54_TP01_CD8pos_E12	SRR7692866
190_Donor-54_TP01_CD8pos_F12	SRR7692867
191_Donor-54_TP01_CD8pos_G12	SRR7692868
192_Donor-54_TP01_CD8pos_H12	SRR7692869
